[
    {
        "CivilizationType": "CIVILIZATION_AZTEC",
        "NamedVolcanoType": "NAMED_VOLCANO_CITLALTEPETL"
    },
    {
        "CivilizationType": "CIVILIZATION_AZTEC",
        "NamedVolcanoType": "NAMED_VOLCANO_COLIMA"
    },
    {
        "CivilizationType": "CIVILIZATION_AZTEC",
        "NamedVolcanoType": "NAMED_VOLCANO_POPOCATEPETL"
    },
    {
        "CivilizationType": "CIVILIZATION_INDONESIA",
        "NamedVolcanoType": "NAMED_VOLCANO_AGUNG"
    },
    {
        "CivilizationType": "CIVILIZATION_INDONESIA",
        "NamedVolcanoType": "NAMED_VOLCANO_GALUNGGUNG"
    },
    {
        "CivilizationType": "CIVILIZATION_INDONESIA",
        "NamedVolcanoType": "NAMED_VOLCANO_KELUD"
    },
    {
        "CivilizationType": "CIVILIZATION_INDONESIA",
        "NamedVolcanoType": "NAMED_VOLCANO_KRAKATOA"
    },
    {
        "CivilizationType": "CIVILIZATION_INDONESIA",
        "NamedVolcanoType": "NAMED_VOLCANO_MERAPI"
    },
    {
        "CivilizationType": "CIVILIZATION_INDONESIA",
        "NamedVolcanoType": "NAMED_VOLCANO_TAMBORA"
    },
    {
        "CivilizationType": "CIVILIZATION_KHMER",
        "NamedVolcanoType": "NAMED_VOLCANO_YAK_LOUM"
    },
    {
        "CivilizationType": "CIVILIZATION_INDONESIA",
        "NamedVolcanoType": "NAMED_VOLCANO_SEMERU"
    },
    {
        "CivilizationType": "CIVILIZATION_KHMER",
        "NamedVolcanoType": "NAMED_VOLCANO_PHANOM_RUNG_VOLCANO"
    },
    {
        "CivilizationType": "CIVILIZATION_POLAND",
        "NamedVolcanoType": "NAMED_VOLCANO_OSTRZYCA"
    },
    {
        "CivilizationType": "CIVILIZATION_NUBIA",
        "NamedVolcanoType": "NAMED_VOLCANO_BAYUDA"
    },
    {
        "CivilizationType": "CIVILIZATION_PERSIA",
        "NamedVolcanoType": "NAMED_VOLCANO_DAMAVAND"
    },
    {
        "CivilizationType": "CIVILIZATION_PERSIA",
        "NamedVolcanoType": "NAMED_VOLCANO_MOUNT_SABALAN"
    },
    {
        "CivilizationType": "CIVILIZATION_PERSIA",
        "NamedVolcanoType": "NAMED_VOLCANO_SAHAND"
    },
    {
        "CivilizationType": "CIVILIZATION_AUSTRALIA",
        "NamedVolcanoType": "NAMED_VOLCANO_MAWSON_PEAK"
    },
    {
        "CivilizationType": "CIVILIZATION_AUSTRALIA",
        "NamedVolcanoType": "NAMED_VOLCANO_MOUNT_TIBROGARGAN"
    },
    {
        "CivilizationType": "CIVILIZATION_AUSTRALIA",
        "NamedVolcanoType": "NAMED_VOLCANO_MOUNT_HYPIPAMEE"
    },
    {
        "CivilizationType": "CIVILIZATION_AUSTRALIA",
        "NamedVolcanoType": "NAMED_VOLCANO_UNDARA_VOLCANO"
    },
    {
        "CivilizationType": "CIVILIZATION_AUSTRALIA",
        "NamedVolcanoType": "NAMED_VOLCANO_BALLS_PYRAMID"
    },
    {
        "CivilizationType": "CIVILIZATION_AUSTRALIA",
        "NamedVolcanoType": "NAMED_VOLCANO_BUDJ_BIM"
    },
    {
        "CivilizationType": "CIVILIZATION_AUSTRALIA",
        "NamedVolcanoType": "NAMED_VOLCANO_MOUNT_NAPIER"
    },
    {
        "CivilizationType": "CIVILIZATION_SCOTLAND",
        "NamedVolcanoType": "NAMED_VOLCANO_ARTHURS_SEAT"
    },
    {
        "CivilizationType": "CIVILIZATION_KOREA",
        "NamedVolcanoType": "NAMED_VOLCANO_HALLASAN"
    },
    {
        "CivilizationType": "CIVILIZATION_GEORGIA",
        "NamedVolcanoType": "NAMED_VOLCANO_KAZBEK"
    },
    {
        "CivilizationType": "CIVILIZATION_MONGOLIA",
        "NamedVolcanoType": "NAMED_VOLCANO_KHORGO"
    },
    {
        "CivilizationType": "CIVILIZATION_MAPUCHE",
        "NamedVolcanoType": "NAMED_VOLCANO_LAUTARO_VOLCANO"
    },
    {
        "CivilizationType": "CIVILIZATION_MAPUCHE",
        "NamedVolcanoType": "NAMED_VOLCANO_LLAIMA_VOLCANO"
    },
    {
        "CivilizationType": "CIVILIZATION_MAPUCHE",
        "NamedVolcanoType": "NAMED_VOLCANO_LONQUIMAY_VOLCANO"
    },
    {
        "CivilizationType": "CIVILIZATION_MAPUCHE",
        "NamedVolcanoType": "NAMED_VOLCANO_OJOS_DEL_SALADO"
    },
    {
        "CivilizationType": "CIVILIZATION_KOREA",
        "NamedVolcanoType": "NAMED_VOLCANO_PAEKTU"
    },
    {
        "CivilizationType": "CIVILIZATION_MAPUCHE",
        "NamedVolcanoType": "NAMED_VOLCANO_PILLANZEGUN"
    },
    {
        "CivilizationType": "CIVILIZATION_MAPUCHE",
        "NamedVolcanoType": "NAMED_VOLCANO_RUCAPILLAN"
    },
    {
        "CivilizationType": "CIVILIZATION_NETHERLANDS",
        "NamedVolcanoType": "NAMED_VOLCANO_SCENERY"
    },
    {
        "CivilizationType": "CIVILIZATION_MAPUCHE",
        "NamedVolcanoType": "NAMED_VOLCANO_SOLLIPULLI"
    },
    {
        "CivilizationType": "CIVILIZATION_NETHERLANDS",
        "NamedVolcanoType": "NAMED_VOLCANO_ZUIDWAL_VOLCANO"
    },
    {
        "CivilizationType": "CIVILIZATION_JAPAN",
        "NamedVolcanoType": "NAMED_VOLCANO_ASAMA"
    },
    {
        "CivilizationType": "CIVILIZATION_RUSSIA",
        "NamedVolcanoType": "NAMED_VOLCANO_AVACHINSKY"
    },
    {
        "CivilizationType": "CIVILIZATION_INDIA",
        "NamedVolcanoType": "NAMED_VOLCANO_BARREN"
    },
    {
        "CivilizationType": "CIVILIZATION_NORWAY",
        "NamedVolcanoType": "NAMED_VOLCANO_BEERENBERG"
    },
    {
        "CivilizationType": "CIVILIZATION_RUSSIA",
        "NamedVolcanoType": "NAMED_VOLCANO_BEZYMIANNY"
    },
    {
        "CivilizationType": "CIVILIZATION_KONGO",
        "NamedVolcanoType": "NAMED_VOLCANO_CATOCA_VOLCANO"
    },
    {
        "CivilizationType": "CIVILIZATION_RUSSIA",
        "NamedVolcanoType": "NAMED_VOLCANO_ELBRUS"
    },
    {
        "CivilizationType": "CIVILIZATION_ROME",
        "NamedVolcanoType": "NAMED_VOLCANO_ETNA"
    },
    {
        "CivilizationType": "CIVILIZATION_JAPAN",
        "NamedVolcanoType": "NAMED_VOLCANO_FUJI"
    },
    {
        "CivilizationType": "CIVILIZATION_NORWAY",
        "NamedVolcanoType": "NAMED_VOLCANO_HAKON_MOSBY_VOLCANO"
    },
    {
        "CivilizationType": "CIVILIZATION_AMERICA",
        "NamedVolcanoType": "NAMED_VOLCANO_HALEAKALA"
    },
    {
        "CivilizationType": "CIVILIZATION_ARABIA",
        "NamedVolcanoType": "NAMED_VOLCANO_HARRAT_KHAYBAR"
    },
    {
        "CivilizationType": "CIVILIZATION_AMERICA",
        "NamedVolcanoType": "NAMED_VOLCANO_KILAUEA"
    },
    {
        "CivilizationType": "CIVILIZATION_RUSSIA",
        "NamedVolcanoType": "NAMED_VOLCANO_KORYAKSKY"
    },
    {
        "CivilizationType": "CIVILIZATION_GERMANY",
        "NamedVolcanoType": "NAMED_VOLCANO_LAACHER_SEE"
    },
    {
        "CivilizationType": "CIVILIZATION_ROME",
        "NamedVolcanoType": "NAMED_VOLCANO_LARDERELLO_VOLCANO"
    },
    {
        "CivilizationType": "CIVILIZATION_AMERICA",
        "NamedVolcanoType": "NAMED_VOLCANO_MAUNA_LOA"
    },
    {
        "CivilizationType": "CIVILIZATION_GREECE",
        "NamedVolcanoType": "NAMED_VOLCANO_METHANA_VOLCANO"
    },
    {
        "CivilizationType": "CIVILIZATION_GREECE",
        "NamedVolcanoType": "NAMED_VOLCANO_NISYROS"
    },
    {
        "CivilizationType": "CIVILIZATION_AMERICA",
        "NamedVolcanoType": "NAMED_VOLCANO_NOVARUPTA"
    },
    {
        "CivilizationType": "CIVILIZATION_CHINA",
        "NamedVolcanoType": "NAMED_VOLCANO_PAEKTU"
    },
    {
        "CivilizationType": "CIVILIZATION_FRANCE",
        "NamedVolcanoType": "NAMED_VOLCANO_PELEE"
    },
    {
        "CivilizationType": "CIVILIZATION_ROME",
        "NamedVolcanoType": "NAMED_VOLCANO_PHLEGRAEAN_FIELDS"
    },
    {
        "CivilizationType": "CIVILIZATION_BRAZIL",
        "NamedVolcanoType": "NAMED_VOLCANO_PICO_DO_CABUGI"
    },
    {
        "CivilizationType": "CIVILIZATION_FRANCE",
        "NamedVolcanoType": "NAMED_VOLCANO_PUY_DE_DOME"
    },
    {
        "CivilizationType": "CIVILIZATION_AMERICA",
        "NamedVolcanoType": "NAMED_VOLCANO_RAINIER"
    },
    {
        "CivilizationType": "CIVILIZATION_AMERICA",
        "NamedVolcanoType": "NAMED_VOLCANO_SAINT_HELENS"
    },
    {
        "CivilizationType": "CIVILIZATION_JAPAN",
        "NamedVolcanoType": "NAMED_VOLCANO_SAKURAJIMA"
    },
    {
        "CivilizationType": "CIVILIZATION_RUSSIA",
        "NamedVolcanoType": "NAMED_VOLCANO_SHIVELUCH"
    },
    {
        "CivilizationType": "CIVILIZATION_ENGLAND",
        "NamedVolcanoType": "NAMED_VOLCANO_SOUFRIERE"
    },
    {
        "CivilizationType": "CIVILIZATION_ROME",
        "NamedVolcanoType": "NAMED_VOLCANO_STROMBOLI"
    },
    {
        "CivilizationType": "CIVILIZATION_SPAIN",
        "NamedVolcanoType": "NAMED_VOLCANO_TEIDE"
    },
    {
        "CivilizationType": "CIVILIZATION_GREECE",
        "NamedVolcanoType": "NAMED_VOLCANO_THERA"
    },
    {
        "CivilizationType": "CIVILIZATION_JAPAN",
        "NamedVolcanoType": "NAMED_VOLCANO_UNZEN"
    },
    {
        "CivilizationType": "CIVILIZATION_ROME",
        "NamedVolcanoType": "NAMED_VOLCANO_VULSINI"
    },
    {
        "CivilizationType": "CIVILIZATION_AMERICA",
        "NamedVolcanoType": "NAMED_VOLCANO_YELLOWSTONE"
    },
    {
        "CivilizationType": "CIVILIZATION_OTTOMAN",
        "NamedVolcanoType": "NAMED_VOLCANO_AGRI_DAGI"
    },
    {
        "CivilizationType": "CIVILIZATION_SWEDEN",
        "NamedVolcanoType": "NAMED_VOLCANO_ALLARPS_BJAR_VOLCANO"
    },
    {
        "CivilizationType": "CIVILIZATION_INCA",
        "NamedVolcanoType": "NAMED_VOLCANO_CHHACHANI"
    },
    {
        "CivilizationType": "CIVILIZATION_SWEDEN",
        "NamedVolcanoType": "NAMED_VOLCANO_FRUALID_VOLCANO"
    },
    {
        "CivilizationType": "CIVILIZATION_SWEDEN",
        "NamedVolcanoType": "NAMED_VOLCANO_GALLABJER_VOLCANO"
    },
    {
        "CivilizationType": "CIVILIZATION_INCA",
        "NamedVolcanoType": "NAMED_VOLCANO_HAMPATU"
    },
    {
        "CivilizationType": "CIVILIZATION_INCA",
        "NamedVolcanoType": "NAMED_VOLCANO_HUAYNAPUTINA"
    },
    {
        "CivilizationType": "CIVILIZATION_SWEDEN",
        "NamedVolcanoType": "NAMED_VOLCANO_LILLO_VOLCANO"
    },
    {
        "CivilizationType": "CIVILIZATION_OTTOMAN",
        "NamedVolcanoType": "NAMED_VOLCANO_MOUNT_ERCIYES"
    },
    {
        "CivilizationType": "CIVILIZATION_OTTOMAN",
        "NamedVolcanoType": "NAMED_VOLCANO_MOUNT_HASAN"
    },
    {
        "CivilizationType": "CIVILIZATION_MAORI",
        "NamedVolcanoType": "NAMED_VOLCANO_MOUNT_TARANAKI"
    },
    {
        "CivilizationType": "CIVILIZATION_MAORI",
        "NamedVolcanoType": "NAMED_VOLCANO_MOUNT_TONGARIRO"
    },
    {
        "CivilizationType": "CIVILIZATION_OTTOMAN",
        "NamedVolcanoType": "NAMED_VOLCANO_NEMRUT"
    },
    {
        "CivilizationType": "CIVILIZATION_MAORI",
        "NamedVolcanoType": "NAMED_VOLCANO_NGAURUHOE"
    },
    {
        "CivilizationType": "CIVILIZATION_MAORI",
        "NamedVolcanoType": "NAMED_VOLCANO_PIHANGA"
    },
    {
        "CivilizationType": "CIVILIZATION_INCA",
        "NamedVolcanoType": "NAMED_VOLCANO_QURUPUNA"
    },
    {
        "CivilizationType": "CIVILIZATION_SWEDEN",
        "NamedVolcanoType": "NAMED_VOLCANO_RALLATE_VOLCANO"
    },
    {
        "CivilizationType": "CIVILIZATION_MAORI",
        "NamedVolcanoType": "NAMED_VOLCANO_RANGITOTO"
    },
    {
        "CivilizationType": "CIVILIZATION_MAORI",
        "NamedVolcanoType": "NAMED_VOLCANO_RUAPEHU"
    },
    {
        "CivilizationType": "CIVILIZATION_INCA",
        "NamedVolcanoType": "NAMED_VOLCANO_SAWANQAYA"
    },
    {
        "CivilizationType": "CIVILIZATION_MAORI",
        "NamedVolcanoType": "NAMED_VOLCANO_TARAWERA"
    },
    {
        "CivilizationType": "CIVILIZATION_MAORI",
        "NamedVolcanoType": "NAMED_VOLCANO_TAUPO"
    },
    {
        "CivilizationType": "CIVILIZATION_CANADA",
        "NamedVolcanoType": "NAMED_VOLCANO_TSEAX_CONE"
    },
    {
        "CivilizationType": "CIVILIZATION_INCA",
        "NamedVolcanoType": "NAMED_VOLCANO_UWINAS"
    },
    {
        "CivilizationType": "CIVILIZATION_MAORI",
        "NamedVolcanoType": "NAMED_VOLCANO_WHAKAARI"
    },
    {
        "CivilizationType": "CIVILIZATION_GRAN_COLOMBIA",
        "NamedVolcanoType": "NAMED_VOLCANO_CHIMBORAZO"
    },
    {
        "CivilizationType": "CIVILIZATION_GRAN_COLOMBIA",
        "NamedVolcanoType": "NAMED_VOLCANO_VOLCAN_PURACE"
    },
    {
        "CivilizationType": "CIVILIZATION_GRAN_COLOMBIA",
        "NamedVolcanoType": "NAMED_VOLCANO_NEVADO_DEL_TOLIMA"
    },
    {
        "CivilizationType": "CIVILIZATION_GRAN_COLOMBIA",
        "NamedVolcanoType": "NAMED_VOLCANO_VOLCAN_COTOPAXI"
    },
    {
        "CivilizationType": "CIVILIZATION_GRAN_COLOMBIA",
        "NamedVolcanoType": "NAMED_VOLCANO_GUAGUA_PICHINCHA"
    },
    {
        "CivilizationType": "CIVILIZATION_GRAN_COLOMBIA",
        "NamedVolcanoType": "NAMED_VOLCANO_NEVADO_DEL_RUIZ"
    },
    {
        "CivilizationType": "CIVILIZATION_GRAN_COLOMBIA",
        "NamedVolcanoType": "NAMED_VOLCANO_GALERAS"
    },
    {
        "CivilizationType": "CIVILIZATION_GRAN_COLOMBIA",
        "NamedVolcanoType": "NAMED_VOLCANO_TUNGURAHUA"
    },
    {
        "CivilizationType": "CIVILIZATION_MAYA",
        "NamedVolcanoType": "NAMED_VOLCANO_HUNAHPU"
    },
    {
        "CivilizationType": "CIVILIZATION_MAYA",
        "NamedVolcanoType": "NAMED_VOLCANO_VOLCAN_ATITLAN"
    },
    {
        "CivilizationType": "CIVILIZATION_MAYA",
        "NamedVolcanoType": "NAMED_VOLCANO_VOLCAN_TOLIMAN"
    },
    {
        "CivilizationType": "CIVILIZATION_MAYA",
        "NamedVolcanoType": "NAMED_VOLCANO_PACAYA"
    },
    {
        "CivilizationType": "CIVILIZATION_MAYA",
        "NamedVolcanoType": "NAMED_VOLCANO_CHI_GAG"
    },
    {
        "CivilizationType": "CIVILIZATION_MAYA",
        "NamedVolcanoType": "NAMED_VOLCANO_SANTA_MARIA"
    },
    {
        "CivilizationType": "CIVILIZATION_BYZANTIUM",
        "NamedVolcanoType": "NAMED_VOLCANO_AGRI_DAGI"
    },
    {
        "CivilizationType": "CIVILIZATION_BYZANTIUM",
        "NamedVolcanoType": "NAMED_VOLCANO_MOUNT_ERCIYES"
    },
    {
        "CivilizationType": "CIVILIZATION_BYZANTIUM",
        "NamedVolcanoType": "NAMED_VOLCANO_MOUNT_HASAN"
    },
    {
        "CivilizationType": "CIVILIZATION_BYZANTIUM",
        "NamedVolcanoType": "NAMED_VOLCANO_NEMRUT"
    },
    {
        "CivilizationType": "CIVILIZATION_VIETNAM",
        "NamedVolcanoType": "NAMED_VOLCANO_TOROENG_PRONG"
    },
    {
        "CivilizationType": "CIVILIZATION_VIETNAM",
        "NamedVolcanoType": "NAMED_VOLCANO_BAS_DONG_NAI"
    },
    {
        "CivilizationType": "CIVILIZATION_VIETNAM",
        "NamedVolcanoType": "NAMED_VOLCANO_HAUT_DONG_NAI"
    },
    {
        "CivilizationType": "CIVILIZATION_ETHIOPIA",
        "NamedVolcanoType": "NAMED_VOLCANO_MOUNT_ALAYTA"
    },
    {
        "CivilizationType": "CIVILIZATION_ETHIOPIA",
        "NamedVolcanoType": "NAMED_VOLCANO_DABBAHU_VOLCANO"
    },
    {
        "CivilizationType": "CIVILIZATION_ETHIOPIA",
        "NamedVolcanoType": "NAMED_VOLCANO_DALLOL_VOLCANO"
    },
    {
        "CivilizationType": "CIVILIZATION_ETHIOPIA",
        "NamedVolcanoType": "NAMED_VOLCANO_MOUNT_FENTALE"
    },
    {
        "CivilizationType": "CIVILIZATION_ETHIOPIA",
        "NamedVolcanoType": "NAMED_VOLCANO_KONE"
    },
    {
        "CivilizationType": "CIVILIZATION_ETHIOPIA",
        "NamedVolcanoType": "NAMED_VOLCANO_MANDA_HARARO"
    },
    {
        "CivilizationType": "CIVILIZATION_ETHIOPIA",
        "NamedVolcanoType": "NAMED_VOLCANO_ALU_DALAFILLA"
    },
    {
        "CivilizationType": "CIVILIZATION_ETHIOPIA",
        "NamedVolcanoType": "NAMED_VOLCANO_ERTA_ALE"
    },
    {
        "CivilizationType": "CIVILIZATION_PORTUGAL",
        "NamedVolcanoType": "NAMED_VOLCANO_AGUA_DE_PAU_MASSIF"
    },
    {
        "CivilizationType": "CIVILIZATION_PORTUGAL",
        "NamedVolcanoType": "NAMED_VOLCANO_CAPELINHOS_VOLCANO"
    },
    {
        "CivilizationType": "CIVILIZATION_PORTUGAL",
        "NamedVolcanoType": "NAMED_VOLCANO_FURNAS_VOLCANO"
    },
    {
        "CivilizationType": "CIVILIZATION_PORTUGAL",
        "NamedVolcanoType": "NAMED_VOLCANO_MOUNT_PICO"
    },
    {
        "CivilizationType": "CIVILIZATION_PORTUGAL",
        "NamedVolcanoType": "NAMED_VOLCANO_SETE_CIDADES_MASSIF"
    }
]